Source	Count	Percentage
PRETEST	162	30.0
QUIJOTE	3	0.5555555555555556
XNLI	9	1.6666666666666667
OLD_NEWS	75	13.88888888888889
UN_2000	90	16.666666666666668
OLD_NEWSBN	3	0.5555555555555556
UN_2001	60	11.11111111111111
UN_2002	63	11.666666666666666
DAVES	12	2.2222222222222223
UN_2003	63	11.666666666666666
